id,username,created_at,lng,lat,text
1516162824325808139,elviuhhh,Mon Apr 18 21:12:40 +0000 2022,-75.117998,40.0048655,this year‚Äôs mood:
1516162824698925057,Hakeem__13,Mon Apr 18 21:12:41 +0000 2022,-118.1567105,33.809171500000005,Yuck
1516162824002748420,TheReal_BabyBoi,Mon Apr 18 21:12:40 +0000 2022,-79.9806895,40.431388999999996,Lap 27 Around The Sun üéà https://t.co/gmAGemajNq
1516162825047130126,jkitstonyxtam,Mon Apr 18 21:12:41 +0000 2022,-96.621634,32.907642,LETS. FUCKING. GOOO.
1516162824912969728,katysolt,Mon Apr 18 21:12:41 +0000 2022,-79.837322,32.847946500000006,Oh hey @charclarkwx üëã Charistin is joining us with your weather tonight on @ABCNews4! Head on over and join us for‚Ä¶ https://t.co/Ufx63zNAJz
1516162826145918984,YUNGRICKFOXxX,Mon Apr 18 21:12:41 +0000 2022,-118.4119065,34.0207895,YEA ITS 4 CORNERS IN THIS RING BUT I AINT NO WRESTLER
1516162826842353667,2dollarsricher,Mon Apr 18 21:12:41 +0000 2022,-84.433106,33.7671945,"my self esteem so low right now bc of my face breakout. i feel so ugly üòî i been avoiding seeing ppl been calling out of work, everything."
1516162826942894084,ayeeejerry,Mon Apr 18 21:12:41 +0000 2022,-111.54702900000001,39.499762000000004,This old man said ‚ÄúI usually tip generously but since you only gave me a little bit of ice with my water I‚Äôm tippin‚Ä¶ https://t.co/ZPJm5pwKJc
1516162827756613632,spencer_scott,Mon Apr 18 21:12:41 +0000 2022,-118.4119065,34.0207895,@JennaBentley07 Yeah Venmo I haven‚Äôt had in a while
1516162828864045067,LinaMohi,Mon Apr 18 21:12:42 +0000 2022,-116.9838,32.8386,"Ummm, no! You can‚Äôt come with us. #catsofinstagram #disneybound @ Santee, California https://t.co/tBBg5Tj4Uz"
1516162829375709187,kingofthistrill,Mon Apr 18 21:12:42 +0000 2022,-84.51578599999999,33.846765000000005,@leenuhbee Y‚Äôall are evil
1516162829467877379,xoxossaamm,Mon Apr 18 21:12:42 +0000 2022,-121.62892550000001,39.121659,@aunestly_ Nooo!!  that‚Äôs literally how I feel üòÖüòÖ
1516162829509808128,HeelBusiness,Mon Apr 18 21:12:42 +0000 2022,-117.58003550000001,33.9793435,@NkiylaJay The best kinda baddie!
1516162829979729928,SesameSwallow,Mon Apr 18 21:12:42 +0000 2022,-76.62048200000001,39.284712999999996,@MusicOfStylo That one was classic
1516162828629123089,calebmorell,Mon Apr 18 21:12:41 +0000 2022,-85.685272,38.248142,Always good to get time with the inestimable @jake_stone89! https://t.co/EzlUuq64ny
1516162830822633475,tmj_USA_gensci,Mon Apr 18 21:12:42 +0000 2022,-77.2310925,38.9187222,"If you're looking for work in #Tysons, VA, check out this job: https://t.co/z73uXXj0ae #GeneralScience"
1516162831405748230,RantyAmyCurtis,Mon Apr 18 21:12:42 +0000 2022,-88.0222305,43.0061125,"Kindergartners can definitely choose their gender, but a 35 year old can‚Äôt interpret the law."
1516162833683152900,soundsbyzolc,Mon Apr 18 21:12:43 +0000 2022,-122.455344,47.242960499999995,Rest of the year really finna be over for all these other rappers
1516162832999804929,discrt11,Mon Apr 18 21:12:42 +0000 2022,-76.255686,36.895082,I got a new hat üòä https://t.co/RqpY70EjAO
1516162833653723137,tmj_msp_pharm,Mon Apr 18 21:12:43 +0000 2022,-93.0813363,44.9020543,"At CVS Health, we strive to take an active, supportive role in each person‚Äôs unique health experience. Join us in h‚Ä¶ https://t.co/lZf9hAtxgW"
1516162835067568128,tlpreacher,Mon Apr 18 21:12:43 +0000 2022,-83.1738665,32.6782075,"Here‚Äôs something I tweeted recently, tell me what your thoughts are..https://t.co/UF77x2sRaS"
1516162834966597633,weareteamtrump,Mon Apr 18 21:12:43 +0000 2022,-80.4326521,25.8433674,"Join the Trump Hotels team! See our latest job opening here: https://t.co/dkpBFKsQCt #Finance #Miami, FL"
1516162836413698050,MarcBennett_,Mon Apr 18 21:12:43 +0000 2022,-77.171761,39.194049,Im sorry but two months later and I‚Äôm still cackling at ‚Äònigga gay‚Äô.
1516162836715745280,randal_wallace,Mon Apr 18 21:12:43 +0000 2022,-78.878866,33.7033905,@NWALegends What is that about? They did not need to be trained by him but by neutral party. You ever tried to work‚Ä¶ https://t.co/3SHq5Uecrt
1516162837508333569,sdceltic1,Mon Apr 18 21:12:44 +0000 2022,-117.253906,33.045009,@DroooPeacock Madden gave them the ‚Äúgreen‚Äù light early doors sadly
1516162837567180804,droel666,Mon Apr 18 21:12:44 +0000 2022,-97.754724,30.323345500000002,Going into work today I was waiting for the light to change at a crosswalk and some bro ate shit on a scooter all o‚Ä¶ https://t.co/PPpuGH5nqi
1516162837667844106,adamscameron,Mon Apr 18 21:12:44 +0000 2022,-80.941889,29.105048,See a virtual tour of our listing on 4575 Atlantic Ave S #PonceInlet #FL  #realestate https://t.co/wbBvIYPeYW https://t.co/UhxeumvHIj
1516162840096575488,patten1962,Mon Apr 18 21:12:44 +0000 2022,-87.45677950000001,41.548075499999996,@GBostian4 That is nuts!
1516162841807659017,eric_hurwitz,Mon Apr 18 21:12:45 +0000 2022,-81.3677725,28.501678499999997,@1783Amer1can @nurse_luv081119 @FavGhostwriter I rather use 3D printed titanium rib cages and 3D printed blood vessels.
1516162842398969857,AnneSins_01,Mon Apr 18 21:12:45 +0000 2022,-89.87644900000001,32.571032,@Devnee2 @thepbandj @SmokinHotTX I‚Äôm going to message u
1516162841329520647,barrioatl,Mon Apr 18 21:12:44 +0000 2022,-84.433106,33.7671945,Keys üîë | Free Download In Bio===============#musicproducer #producer #trap #trapmusic #hiphop¬†¬†¬†¬† #rap #music‚Ä¶ https://t.co/sJTwVOaj3b
1516162844219396104,drt4611,Mon Apr 18 21:12:45 +0000 2022,-79.861034,35.1704985,@johnclydex love it I love it I love it
1516162845385412613,gracefilledmrs,Mon Apr 18 21:12:45 +0000 2022,-84.4816265,42.746719999999996,@solaadio here to laugh...jireh ü§£ü§£
1516162846438080512,ChuxSpeed,Mon Apr 18 21:12:46 +0000 2022,-97.754724,30.323345500000002,@kiounistoocold Hats off cuz! üéì‚úäüèæüòé
1516162846454861831,mfjones69_,Mon Apr 18 21:12:46 +0000 2022,-97.1356375,32.70185,@snowlikejonn You were lead astray. Lived in Metairie for 25 years and never fuckin heard of the store üòÇ
1516162847201505284,BDD14,Mon Apr 18 21:12:46 +0000 2022,-79.2996725,43.880694500000004,.. As easy as turning water on off lol
1516162847939702792,SwishMamba_,Mon Apr 18 21:12:46 +0000 2022,-95.44648649999999,29.838495,@JColeNC you better be in that @kendricklamar albumüò≠üò≠üò≠
1516162848426283010,Tazmarac,Mon Apr 18 21:12:46 +0000 2022,-84.46133850000001,33.452588,@MotherJones I knew that was going to start happening.
1516162848615182337,Ohgirlthats_dee,Mon Apr 18 21:12:46 +0000 2022,-96.7349005,33.061242500000006,Communication is key üîë
1516162850087182341,BishopVB_DT,Mon Apr 18 21:12:47 +0000 2022,-101.89717300000001,33.5705265,Former Red Raider narrowing it down:
1516162852075225105,HOUSportzFan,Mon Apr 18 21:12:47 +0000 2022,-95.5398525,30.181251500000002,@toobreazy_ Rockets twitter is dead because nothing is going on but Astros is poppin rn
1516162851785768960,Joanne48825002,Mon Apr 18 21:12:47 +0000 2022,-110.878602,32.1303245,"@Renee160173251 @w_white18 Awwww, I‚Äôm so sorry to hear this‚Ä¶üòî https://t.co/k8470Uoeke"
1516162852884602880,tmj_tx_usa_jobs,Mon Apr 18 21:12:47 +0000 2022,-97.6597376,31.0835102,"Want to work in #HarkerHeights, TX? View our latest opening: https://t.co/XgtCTZK1hb #LuxeBeauty"
1516162852632944644,AnimeMeagan,Mon Apr 18 21:12:47 +0000 2022,-106.4174305,31.793368,@JiswaPROJECT I got blues clues I find that funny because I was obsessed with that show back when I was a little gi‚Ä¶ https://t.co/IlXqtXE8up
1516162853006458886,282BHBEASTSIDE,Mon Apr 18 21:12:47 +0000 2022,-92.10176200000001,30.5286,"I almost forgot to go burn this candle on these ppl , hold on."
1516162853568405510,Kstaxzz1,Mon Apr 18 21:12:47 +0000 2022,-83.1738665,32.6782075,Mine be puttin her foot in it
1516162853979529220,swrvo_,Mon Apr 18 21:12:47 +0000 2022,-111.7375655,33.4057545,D H L. I really hated that shit with a passion. Dishwashing In high school was better than that shit.
1516162854054899713,ColoradoGrizFan,Mon Apr 18 21:12:48 +0000 2022,-104.955612,39.589577,@FCSNationRadio1 @kylorEPH @KeepitupFam @SwacBuzz @Scottuenet @The__Bluebloods @skiprocks21 @matthewfraase‚Ä¶ https://t.co/3pNAemgdki
1516162855271288832,onceuponabreww,Mon Apr 18 21:12:48 +0000 2022,-73.8311875,40.6708795,The Sugar free Red Bull actually tastes better to me‚Ä¶. My brother thinks I buy the case for spite.   üòÇ
1516162853555871752,Johnsul60730778,Mon Apr 18 21:12:47 +0000 2022,-93.478628,45.0256585,@Mis_Analya051 Have you ever seen a sub like this? https://t.co/rmtjRxbujF
1516162854633803776,raulcandelario,Mon Apr 18 21:12:48 +0000 2022,-73.1991185,41.1856745,Any female want to watch me cum? Dm https://t.co/kefKUuHPM7
1516162854206029825,officialross_89,Mon Apr 18 21:12:48 +0000 2022,-79.616073,43.555244,Right now in Mississauga #onstorm https://t.co/jH08CnizUK
1516162855866884105,Hebert242,Mon Apr 18 21:12:48 +0000 2022,-75.156972,39.769445000000005,@antp1229 @kmase00 @ThaBone13 @Charcutero @jacobjr19 @mmagazu I don't want to see Harden get a max deal here for hi‚Ä¶ https://t.co/z7AjBkNJOA
1516162857221513217,_YoungPicasso_,Mon Apr 18 21:12:48 +0000 2022,-122.0238405,37.378397,New kung fu Kenny dropping soon ?
1516162858022801414,COOLLANEHERO,Mon Apr 18 21:12:48 +0000 2022,-79.42086499999999,38.003375500000004,Little shop of horrors/Space Balls
1516162858224078857,JulianGilliam,Mon Apr 18 21:12:49 +0000 2022,-87.732013,41.8335845,I‚Äôm currently in Japanese class. Sign up &amp; join for free https://t.co/w0lE4tcIej @ChibaCenter
1516162858345709577,Ry_Bass,Mon Apr 18 21:12:49 +0000 2022,-86.791549,36.200008,The fact that @Bam1of1 isn‚Äôt a finalist for DPOY is a complete sham.
1516162859948032002,woody_VA,Mon Apr 18 21:12:49 +0000 2022,-81.958201,42.163990999999996,@MdMcLean1 I though it would help rinse it off the leafs??? https://t.co/CfXcphHLzy
1516162859662811138,dmjhtx,Mon Apr 18 21:12:49 +0000 2022,-95.44648649999999,29.838495,I rather be in Fiji üá´üáØ ü•π https://t.co/EcpozrX7V7
1516162860996386818,completedckhead,Mon Apr 18 21:12:49 +0000 2022,-122.20190500000001,47.680319,@badkarma617 F-yeah. Legit set up.
1516162861994758155,nyeshaajordann,Mon Apr 18 21:12:49 +0000 2022,-79.42086499999999,38.003375500000004,3rd pic my favvvv I love seeing a black women smile üòäüí´
1516162862435164160,StrosniderChevy,Mon Apr 18 21:12:50 +0000 2022,-77.33236149999999,37.25175,Do you know any new parents or grandparents? This is an opportunity to make sure you are installing car seats corre‚Ä¶ https://t.co/KE3HPNBiHr
1516162865304162313,mikeythedarklo1,Mon Apr 18 21:12:50 +0000 2022,-81.705467,41.495939500000006,Subscribe to this bombshell beauty!! üòçüíïüòçüíïüòçüíï
1516162865488670720,544girl,Mon Apr 18 21:12:50 +0000 2022,-93.226261,44.09173,Wordle 303 4/6‚¨úüü®‚¨úüü®‚¨úüü®üü®üü®‚¨ú‚¨ú‚¨ú‚¨úüü©üü©üü©üü©üü©üü©üü©üü©
1516162866033876996,foodeemike,Mon Apr 18 21:12:50 +0000 2022,-75.1651,39.9527,"Just posted a photo @ Philadelphia, Pennsylvania https://t.co/UFlQqqQLuD"
1516162866981789697,Kidslash,Mon Apr 18 21:12:51 +0000 2022,-75.30733452,41.04014796,I'm at Tannersville in PA https://t.co/nXfM9LPB7G
1516162867929628675,clearlylori,Mon Apr 18 21:12:51 +0000 2022,-111.931711,34.1682535,@antiwarjosh @amsterdam2274 @lisa_liberal He literally set it as a goal.
1516162869921910789,Buckaro_Banzai,Mon Apr 18 21:12:51 +0000 2022,-111.85839849999999,33.639340000000004,"Awe..Sorry, not sorry‚Ä¶"
1516162870282661892,tmj_sdf_eng,Mon Apr 18 21:12:51 +0000 2022,-85.8925436,38.139706,"Want to work at UPS? We're hiring in #Louisville, KY! Click for details: https://t.co/Dta7sIxOo8 #Engineering"
1516162870421073924,310Jacki,Mon Apr 18 21:12:51 +0000 2022,-118.40899,34.0060125,@KevinSixx13 Good one
1516162870857379841,amarkelkar,Mon Apr 18 21:12:52 +0000 2022,-71.0887125,42.3136695,@NarjustDumaMD @CourtHarrisMD @JulieSilverMD @emilymsilver @DrManishaS @CaThompsonMD @MayoCancerCare You love to see it!
1516162870786076675,CoreyLaJoie,Mon Apr 18 21:12:51 +0000 2022,-79.861034,35.1704985,"Who‚Äôs ready to battle? This Wednesday, my @Built_Bar No. 7 Camaro will be playable in  @RocketLeague! Download th‚Ä¶ https://t.co/PLqAgoqgPp"
1516162872786792454,ur_highness_jaz,Mon Apr 18 21:12:52 +0000 2022,-79.861034,35.1704985,I‚Äôm debating going to get a plate from my moms again ü§£üòÆ‚Äçüí®
1516162873206222849,ordatcsteve,Mon Apr 18 21:12:52 +0000 2022,-83.804475,27.698681999999998,@PodiatristRon Isn't that the typical democrat response to any law or ruling they don't like
1516162872795090954,Preetafhari,Mon Apr 18 21:12:52 +0000 2022,-83.1738665,32.6782075,A celebration for baby. https://t.co/iN1bVJ2L21
1516162874737000449,RIDICULO_pathy,Mon Apr 18 21:12:52 +0000 2022,-119.30660750000001,37.2691755,"@fuzzymittens Good, don‚Äôt listen to me my bitch ass is single."
1516162878654590976,_fresh_princeee,Mon Apr 18 21:12:53 +0000 2022,-84.266174,30.476215500000002,That red sport looks so good üò≠üò≠
1516162879128547328,kerrybtone,Mon Apr 18 21:12:53 +0000 2022,-84.475291,33.657586,"Kendrick new title for his new album sounds like he's going to make a Igor, Awaken My Love, or Love Below record lol"
1516162879757914115,RoyalGuard_SG,Mon Apr 18 21:12:54 +0000 2022,-122.3306025,47.614817,"@romeldias @genwilliams @GutiNikki7 @bethanybalcer @oliviavdj @OLReign WE CANT WAIT FOR THAT DAY, ROMEL üíô‚ÄºÔ∏èYou are‚Ä¶ https://t.co/INoTOa8naU"
1516162880311373825,DC_Educator,Mon Apr 18 21:12:54 +0000 2022,-73.9685415,40.780709,@PantherFist13 Why anyone thinks hands on is ok.... embarrassing.
1516162880525193217,Thatguy836,Mon Apr 18 21:12:54 +0000 2022,-100.0768885,31.1688935,@deaflibertarian Curiosity has got me . Let us know if it comes out tender
1516162881225637889,dumbbitchcap,Mon Apr 18 21:12:54 +0000 2022,-80.13296249999999,25.816965500000002,There seems to be confusion in south beach that in America we walk on the right side of the sidewalk
1516162883230605313,IvanHug51576070,Mon Apr 18 21:12:54 +0000 2022,-79.42086499999999,38.003375500000004,@Chrisie0825 Yes ma'am you're very welcome
1516162883629072389,iamaprilbredael,Mon Apr 18 21:12:55 +0000 2022,-89.5694915,44.900818,you tweeted this like we‚Äôre not 100% going to road trip to see @taiverdes
1516162884988203009,TheComeUpNFTs,Mon Apr 18 21:12:55 +0000 2022,-78.8922455,43.808878,@M3taGirl @megofram @DelinquentNFTs Dm me ?m!
1516162886648934406,lilbassfairy,Mon Apr 18 21:12:55 +0000 2022,-76.62048200000001,39.284712999999996,why does time go by so fast when you‚Äôre crying
1516162887705837573,natsfert,Mon Apr 18 21:12:56 +0000 2022,-77.0143985,38.898602999999994,I went to jschool. I work for a mainstream media outlet. I grew up in a conservative Republican town of 3k people.‚Ä¶ https://t.co/lCICvZFIjV
1516162886451798022,StacyLeMelle,Mon Apr 18 21:12:55 +0000 2022,-73.9685415,40.780709,I want to reading in a window like she is right now. #NYC https://t.co/hje2kHHdyD
1516162888624345088,swirl41,Mon Apr 18 21:12:56 +0000 2022,-106.632718,35.1170025,I report and block you üíØ
1516162889098293256,i_am_mamakitty,Mon Apr 18 21:12:56 +0000 2022,-112.12467649999999,33.5528625,@mamagreeen Hi! I'm Di and I create custom crystal cat ears @occultistcrowns https://t.co/RoBseQpxhR
1516162890876821519,AniyahSadeee,Mon Apr 18 21:12:56 +0000 2022,-78.8954405,35.9909825,@Quayb2 Okay thank you!
1516162895352107026,WhoElseButGiles,Mon Apr 18 21:12:57 +0000 2022,-84.433106,33.7671945,$2200 for new tires and brake pad replacements. ü•≤I just haddddd to have a BMW üò™
1516162895834398727,BBullard007,Mon Apr 18 21:12:57 +0000 2022,-79.9806895,40.431388999999996,"@cdoyle714 @laurenboebert Knowing that, I'll still not fly. My Rules. Got a problem with it?"
1516162896270561281,OropezaMelissa,Mon Apr 18 21:12:58 +0000 2022,-119.2228125,35.6745545,Brown bag was an hour long why did it take me 5 hours to finish listening üòÇ
1516162896840966144,BT0731,Mon Apr 18 21:12:58 +0000 2022,-115.223125,36.232915,This is correct. https://t.co/OSSs26DKXV
1516162897780817920,Zeus_WorldWide,Mon Apr 18 21:12:58 +0000 2022,-118.4119065,34.0207895,@DutchTheOmen Omg sorry! Idk how much you like Doja lmao
1516162898376101894,CarlosYustisTV,Mon Apr 18 21:12:58 +0000 2022,-121.8737305,37.331159,@JmooreQuakes @sjeq74 @ChivasEN_ Are they? Wouldn‚Äôt have noticed specially in Mexico‚Ä¶üòÇ
1516162898988568576,KevyBlanco,Mon Apr 18 21:12:58 +0000 2022,-100.0768885,31.1688935,@SlimClermont And you know this !!!! ‚ôíÔ∏èit‚Äôs definitely the amazing love we have and give off ‚ù§Ô∏è
1516162899139510284,kimmykatt00,Mon Apr 18 21:12:58 +0000 2022,-89.92202900000001,35.1335205,Just got a speeding ticket. Fuck!
1516162900003487749,BrianUnbothered,Mon Apr 18 21:12:58 +0000 2022,-117.434547,47.667438,@caffienated_mom Looks like it!! Yum
1516162900494323720,shaolinplex,Mon Apr 18 21:12:59 +0000 2022,-80.52871300000001,35.652669,@WholeMarsBlog Yes I drove to Nashville and Austin both central time zone and I‚Äôve been back in Charlotte for weeks‚Ä¶ https://t.co/Kqsf7tydNu
1516162900846530563,wendyccorbett,Mon Apr 18 21:12:59 +0000 2022,-118.4119065,34.0207895,I'm just angry &amp; need to let it go! Female coworker was shown dick pic by male supervisor worker and asked...what d‚Ä¶ https://t.co/ljOn1b0BTY
1516162901500997641,undainv,Mon Apr 18 21:12:59 +0000 2022,-90.011008,29.982601,How was the Monica and gotti concerts lastnight I was drunk bout 4pm
1516162903858163729,HerniquaWare26,Mon Apr 18 21:12:59 +0000 2022,-95.44648649999999,29.838495,This isn‚Äôt enough what I have for Caucasian biological women if their Ight with it a lil bit
1516162904902492162,In_MyCup,Mon Apr 18 21:13:00 +0000 2022,-75.117998,40.0048655,"Ya be fxcking 5 minutes into Netflix, I be looking for more snacks"
1516162905640783882,PCLong1,Mon Apr 18 21:13:00 +0000 2022,-122.630908,45.536402,@PortlandPolice I have 3 homeless ones parked nearby .. wish theyd go boom (no one inside if course don't want a human injured)
1516162905917427715,salma_khan,Mon Apr 18 21:13:00 +0000 2022,-118.4119065,34.0207895,"Wow, memories ü§£"
1516162906039095296,ShammaBoyarin,Mon Apr 18 21:13:00 +0000 2022,-123.3583795,48.4267305,@RB_Lemberg Seeing my kids‚Äô generation growing up with a measure of this shows me the awesome potential this can have.Yes to this wish!
1516162907268026370,johnnygrayview,Mon Apr 18 21:13:00 +0000 2022,-122.4359785,37.7706565,DM me &amp; I‚Äôll connect you to the campaign manager
1516162906383134732,DarrylHayes73,Mon Apr 18 21:13:00 +0000 2022,-77.65433949999999,39.9340275,One job to do tonight go up 2-0 nuff said https://t.co/8TBpkd1etz
1516162907477876736,debourbonhorto1,Mon Apr 18 21:13:00 +0000 2022,-82.7425825,27.822598499999998,@SteakCut The hanger
1516162907557482496,Major_Vitaman,Mon Apr 18 21:13:00 +0000 2022,-75.117998,40.0048655,@VA2PHILLY They gotta be kin ü•¥üòÇü§£üòÇ
1516162907503009799,ShawnFinchum,Mon Apr 18 21:13:00 +0000 2022,-83.9638415,35.9824705,It‚Äôs hilarious to see you folks get mad at me for tweeting at an Arkansas media person what happened to your best t‚Ä¶ https://t.co/jU4PvnwKhb
1516162907377401856,233Crazies,Mon Apr 18 21:13:00 +0000 2022,-74.16265849999999,40.792103499999996,@AnthonyDiComo Woah wat!?!?üëÄüò≥ https://t.co/2zRKFUCYDQ
1516162909201600513,tmj_tuc_nursing,Mon Apr 18 21:13:01 +0000 2022,-110.9431501,32.2765392,"Join the Banner Health team! See our latest #Nursing job openings, including ""Registered Nurse RN Physician Practic‚Ä¶ https://t.co/mfoIwAqrVl"
1516162910380191744,wokea55deadhead,Mon Apr 18 21:13:01 +0000 2022,-110.9155735,32.1893905,"@Budrino @oc_mercuri In a day for for several individual days,  about 300 + √ó,more"
1516162910292226066,retributionx101,Mon Apr 18 21:13:01 +0000 2022,-82.475571,40.748333,@HitCockBottom What happens now
1516162912871755777,Kidslash,Mon Apr 18 21:13:02 +0000 2022,-75.312064,41.03938064,"I'm at The Kalucki Plantation in Tannersville, PA https://t.co/uVaf5fxDcA"
1516162914499014661,tmj_ctm_eng,Mon Apr 18 21:13:02 +0000 2022,-73.4533779,41.3755722,"Can you recommend anyone for this job in #Danbury, CT? https://t.co/DPhj03hR7M #production"
1516162914582859777,tmj_LAH_NURSING,Mon Apr 18 21:13:02 +0000 2022,-93.7501789,32.5251516,"Don't be shy. Score a job like ""Acute Dialysis Patient Care Technician"" at Fresenius Medical Care by asking for ref‚Ä¶ https://t.co/u6GkDSi4av"
1516162914461229057,dldavis88,Mon Apr 18 21:13:02 +0000 2022,-105.2426865,40.023981500000005,"@sad_ex_machina Not that I have recently purchased an Authentic, but this is interesting."
1516162915123929089,tmj_cob_edu,Mon Apr 18 21:13:02 +0000 2022,-104.990251,39.7392358,Read about our latest opportunity here: Special Education Teacher - https://t.co/bKuCFH06fI #SpecialEducation #SpecialEducationJobs
1516162916185161729,emmaakrusee,Mon Apr 18 21:13:02 +0000 2022,-72.064302,42.598374,@SebastianDanzig follow me if YALL R GONNA ANNOUNCE BROKEN SOONüëÄ
1516162917988814858,TFlash55554,Mon Apr 18 21:13:03 +0000 2022,-87.7899005,41.8871295,@KlydeTerrance @Genius No mid features like Carti
1516162918659805192,king_javaris,Mon Apr 18 21:13:03 +0000 2022,-82.063185,33.4407175,@KhalonHudson Congratulations üòé
1516162918617812996,uamsnurses,Mon Apr 18 21:13:03 +0000 2022,-92.3542193,34.7486563,"If you want a nursing career that is valued and supported, choose UAMS! https://t.co/3hVpGFgtje #Nursing #LittleRock, AR"
1516162918710054913,Keyhole85,Mon Apr 18 21:13:03 +0000 2022,-110.3336505,31.5263975,@kathrynresister Really? Did you just think before you typed? So you are a communist and you don‚Äôt support your rig‚Ä¶ https://t.co/o8IZMWtjxD
1516162920547299328,americas71,Mon Apr 18 21:13:03 +0000 2022,-77.10683,38.722179,@belleofva I don't know! Crazy...
1516162920715014156,baby_fajita,Mon Apr 18 21:13:03 +0000 2022,-97.71558250000001,26.196365,"@ursularrose im a cancer rising, pisces sun &amp; my MC is in pisces dude üò≠üò≠"
1516162920480182273,JadaJuice_,Mon Apr 18 21:13:03 +0000 2022,-76.36227600000001,37.0508965,Jesus‚Ä¶
1516162921155416066,Tribe_Shed,Mon Apr 18 21:13:04 +0000 2022,-96.7617535,32.819858499999995,Now that the store is situated. Ready to get things back going online. What y‚Äôall want ? Hats ? Hoodies ? Tees ? Shorts
1516162921411264518,mandajsullivan,Mon Apr 18 21:13:04 +0000 2022,-92.4367735,38.3045585,@baileyvassalli I felt it was a fair question ü§∑üèº‚Äç‚ôÄÔ∏è iMessage just decided to choose violence on delaying my message
1516162921478328323,ifinditinspects,Mon Apr 18 21:13:04 +0000 2022,-121.9525,49.1613,"Just posted a photo @ Chilliwack, British Columbia https://t.co/FvUgjRD09s"
1516162922090844160,katie_grover,Mon Apr 18 21:13:04 +0000 2022,-97.34391500000001,37.6838965,Every year I‚Äôm inspired more and more by the big-hearted change makers with whom I work.
1516162922715955200,RuthRitter2,Mon Apr 18 21:13:04 +0000 2022,-77.063162,41.248342,@Kristileenews @annieshomegrown @starkist A bowl of wedged tomato with salt and pepper
1516162923567239176,Grant_Shirley4,Mon Apr 18 21:13:04 +0000 2022,-104.92209349999999,39.713563,Still tryna figure out why Trae got a tech for Jimmy grabbing him by the neck
1516162925404524544,jamesmichaelb16,Mon Apr 18 21:13:05 +0000 2022,-72.524305,41.7769225,@TraGamer16 @LazyEyezz @Getthebagcoach This isn't true at all
1516162925584605189,kerrybtone,Mon Apr 18 21:13:05 +0000 2022,-84.475291,33.657586,It's a horrible title btw
1516162924804403201,momcpher,Mon Apr 18 21:13:04 +0000 2022,-123.1224015,44.065621,Last lacrosse game for a while ü•≤ (@DailyEmerald) https://t.co/oV3jtxBwX3
1516162925752627204,nasrene41,Mon Apr 18 21:13:05 +0000 2022,-92.4367735,38.3045585,"@ctown19 Thanks, William! Have transferred your pledge to #BRUTES FB thread: https://t.co/mehzcsvd8h"
1516162925899096066,smartass9912,Mon Apr 18 21:13:05 +0000 2022,-115.0611275,36.184754,@JohnJHarwood Your lame excuses for a ridiculously awful President has run it's course. Revamp your rhetoric ...it's OLD
1516162926251495434,TulsaGeography,Mon Apr 18 21:13:05 +0000 2022,-95.91364200000001,36.1093915,@SenatorLankford Till you tell us about the tax cut for the rich?
1516162926431768580,darwinchvz320,Mon Apr 18 21:13:05 +0000 2022,-118.1567105,33.809171500000005,Trae and Beal in ATL would a little worse than Dame and CJ defensively but probably better offensively
1516162926624837644,NolanKowal,Mon Apr 18 21:13:05 +0000 2022,-102.9859185,49.139437,@spencerburridge @AccessNowSports @WHLPats @darrendupont @dponticelliTV @therealballsy @DrewPosteyCTV @rodpedersen‚Ä¶ https://t.co/k9sLdYaT0h
1516162927958626324,zeeebaybeee,Mon Apr 18 21:13:05 +0000 2022,-87.3221685,36.5509835,Me asf Ima take this nap first
1516162928541638658,BDD14,Mon Apr 18 21:13:05 +0000 2022,-79.2996725,43.880694500000004,.. Truly sad
1516162927933460480,Lee89078286,Mon Apr 18 21:13:05 +0000 2022,-79.861034,35.1704985,This is who I am and what you get However I am loosing weight https://t.co/lpNTkzHPma
1516162928948428809,MattDav43481502,Mon Apr 18 21:13:05 +0000 2022,-76.62048200000001,39.284712999999996,"@MDSportsChat @PurpleReignEra Nothing is wrong with EDC, Steve is the person you should be mad at"
1516162929418199049,AmericanStar6,Mon Apr 18 21:13:05 +0000 2022,-73.0806985,40.868446500000005,@chipfranklin Progress
1516162929703280641,Murphh93,Mon Apr 18 21:13:06 +0000 2022,-121.3496435,38.6867945,@zahwop Lol see ya
1516162932643618816,mike_frank619,Mon Apr 18 21:13:06 +0000 2022,-83.099288,42.3527865,I love me a lil oatmeal pie ü§§
1516162933314957318,Dyldee7,Mon Apr 18 21:13:06 +0000 2022,-85.4915405,32.597245,@nobigdyl I see what you're tryna do here
1516162934984126475,astromamii_,Mon Apr 18 21:13:07 +0000 2022,-80.8467855,35.209058999999996,I literally have no time for ninjas right now
1516162935600697346,pissyopants1,Mon Apr 18 21:13:07 +0000 2022,-90.011008,29.982601,@OverACheatah Got to show love to the nosey lol
1516162936070279168,_HALLUCIN8x,Mon Apr 18 21:13:07 +0000 2022,-115.133373,36.24912449999999,I got hired in the spot I start my new job tomorrow let‚Äôs get this fuckin money bayyybeeee üí∞üòù
1516162935663517706,stonedinbeijing,Mon Apr 18 21:13:07 +0000 2022,-73.9487755,40.655138,"I just paid my taxes, that‚Äôs what did ittt ü•¥ü•≤ https://t.co/clI94v8J7d"
1516162938150785038,IleneNevarez,Mon Apr 18 21:13:08 +0000 2022,-106.4174305,31.793368,We‚Äôre the single ones üòÇ @sweet_emotionn  üíÉüèª
1516162938742190091,DeangelooCarter,Mon Apr 18 21:13:08 +0000 2022,-87.732013,41.8335845,"The older I get... the less I feel the need to be included, understood, or accepted"
1516162938746417163,youbsixeyebnine,Mon Apr 18 21:13:08 +0000 2022,-82.89425349999999,42.495819499999996,@demonpIay Sure
1516162939035729928,abbysmith_23,Mon Apr 18 21:13:08 +0000 2022,-80.1491725,26.150368,@stoopsound I would prefer to live alone lol
1516162939048275969,SkyCirclesLA,Mon Apr 18 21:13:08 +0000 2022,-118.1397129,33.8680094,"N953LA, a Eurocopter AS.350-B2, is circling over Lakewood at 100 feet, speed 56 MPH, squawking 1206, 0.1 miles from‚Ä¶ https://t.co/JUWrh9ETZR"
1516162940449267718,exularoye,Mon Apr 18 21:13:08 +0000 2022,-118.40899,34.0060125,@SolanaCatCartel Seats in the @CartelMobLounge are üöÄ
1516162941153951747,GrantADDingwall,Mon Apr 18 21:13:08 +0000 2022,-75.8001415,45.248791,"@AmirSharar @bogieman1445 @ctvqp @ScottAAitchison No, there aren't. The figure is based largely on census data and‚Ä¶ https://t.co/BVk9hqVyEo"
1516162942135595008,GlowIchi,Mon Apr 18 21:13:09 +0000 2022,-73.9685415,40.780709,Ateez on here even though their TikTok presence is zero!!!
1516162943167176712,RonTekulve,Mon Apr 18 21:13:09 +0000 2022,-89.338039,31.310637,@CloverleafMall @PAULG4095 All Sports it‚Äôs getting better! #SMTTT
1516162943628447744,sdceltic1,Mon Apr 18 21:13:09 +0000 2022,-117.253906,33.045009,@Sme51899360 Yep would have made a big difference
1516162944094326787,WavyDavyBaby,Mon Apr 18 21:13:09 +0000 2022,-97.754724,30.323345500000002,Crying üòÇüò≠
1516162944031240192,eleslie_wx,Mon Apr 18 21:13:09 +0000 2022,-97.4451735,35.222301,Filed my taxes (I know‚Ä¶but I‚Äôm technically not late yet) and toured a house this morning with @Nolan_Meister ‚Ä¶this‚Ä¶ https://t.co/sNE1Lose7o
1516162946283433984,throat_babiee,Mon Apr 18 21:13:09 +0000 2022,-122.4526985,37.678779500000005,400 followers yayyyy üòãü§ç
1516162947571138565,NnylymmaT,Mon Apr 18 21:13:10 +0000 2022,-82.1608655,29.1202225,Me too little dude
1516162947776581633,smolgothpunk,Mon Apr 18 21:13:10 +0000 2022,-104.92209349999999,39.713563,you cant say it fucking loud enough
1516162948204486660,justjoshingya77,Mon Apr 18 21:13:10 +0000 2022,-77.16310250000001,39.08705500000001,@dougkammerer $86 for gas? What do you drive? A Boeing 737?!
1516162949387153413,Coast2Coasttc,Mon Apr 18 21:13:10 +0000 2022,-96.86379450000001,32.604153,@dollatrill98 @IAMEPIC247 @AthletesEpic Come see me
1516162949349474306,DBurnsOfficial,Mon Apr 18 21:13:10 +0000 2022,-116.9523525,32.7992535,Natural Gas bus fire. Wow
1516162949387194371,branteflores,Mon Apr 18 21:13:10 +0000 2022,-116.27816150000001,33.668045500000005,"night 1 was a vibe, these are the only pics i got of my fit that were halfway decent lmaooo https://t.co/yH7zHBsHI7"
1516162950255501314,AniyahSadeee,Mon Apr 18 21:13:10 +0000 2022,-78.8954405,35.9909825,@armaniidionnee Class tomorrow but not next Tuesday
1516162950624690178,Koza50Ron,Mon Apr 18 21:13:11 +0000 2022,-82.77283,27.904263,@FoxNews But yes didn‚Äôt release all your incredible only the ones in the states how about your off shore accounts.
1516162952201601025,tmj_NY_ACCT,Mon Apr 18 21:13:11 +0000 2022,-79.1983799,42.1186695,"Don't submit then quit. Apply for jobs like ""Accounts Receivable &amp; Collections"" at Adecco, then look for people you‚Ä¶ https://t.co/eM3T7l1OdR"
1516162951119781888,William07696245,Mon Apr 18 21:13:11 +0000 2022,-97.754724,30.323345500000002,Wild F'in hair up my üçë to go to PV this Thursday and come back Saturday before I leave for Alaska. https://t.co/a083Bc1fnj
1516162952319037440,sempervirens117,Mon Apr 18 21:13:11 +0000 2022,-119.30660750000001,37.2691755,Could a @potus revoke immunity for a criminal dude like DT on a state level? Forget federal. I‚Äôm talking Pelican Ba‚Ä¶ https://t.co/ttuVXxMDIB
1516162952113627146,2jehan,Mon Apr 18 21:13:11 +0000 2022,-79.2725695,43.629311,@HelleneRobins @DrVivianS @trishanmo Did you try Walmart? Customer service desk.
1516162953229262848,owensConnor74,Mon Apr 18 21:13:11 +0000 2022,-86.791549,36.200008,Congrats Scottie üñ§üíõ
1516162953527103491,ZTOnTheBeat,Mon Apr 18 21:13:11 +0000 2022,-73.9685415,40.780709,On dawgs that shit sucks bro I‚Äôm really only making music from the heart and soul that‚Äôs why I‚Äôm not on that email‚Ä¶ https://t.co/IxOGKazRTC
1516162954550415361,Holden_WX,Mon Apr 18 21:13:11 +0000 2022,-122.8689885,42.343588999999994,"I know I forecasted the wind, but that was ridiculous for a run üòÇ"
1516162954680422400,tmj_NJ_pharm,Mon Apr 18 21:13:11 +0000 2022,-74.4818698,39.3386704,"AT CVS Health, our colleagues bring an endless expanse of talents and experiences to the table. Check out our avail‚Ä¶ https://t.co/ONxirbp0ML"
1516162955200503811,samwaltjones,Mon Apr 18 21:13:12 +0000 2022,-118.4119065,34.0207895,irs: happy tax da-me: daily reminder that lgbt people don‚Äôt owe you anything üíûüè≥Ô∏è‚Äçüåà
1516162956534370314,kimberlin82,Mon Apr 18 21:13:12 +0000 2022,-122.63146217,45.49922514,"üôã‚Äç‚ôÄÔ∏è @ Southeast Portland, Portland https://t.co/iZnpNTcX5u"
1516162956668637187,JulieMoOnTheGo,Mon Apr 18 21:13:12 +0000 2022,-78.328113,44.3147895,@TallulahMShark Exactly! https://t.co/vjdInADeH3
1516162957306081284,Avasdaddyyy,Mon Apr 18 21:13:12 +0000 2022,-111.85839849999999,33.639340000000004,no masss beer
1516162957540933632,tmj_IAD_sales,Mon Apr 18 21:13:12 +0000 2022,-93.6116494,41.6542926,We're hiring! Click to apply: Outside Sales Rep - Power &amp; HVAC - https://t.co/810T0zlbnR #OutsideSales #OutsideSalesJobs
1516162958539177988,UncleDonDon_,Mon Apr 18 21:13:12 +0000 2022,-118.4119065,34.0207895,Bitches Really Be Broken
1516162959458074624,MrNeggZ,Mon Apr 18 21:13:13 +0000 2022,-79.2725695,43.629311,Dawg you scrub this with the Elbow of Zeus
1516162959915036678,damanofyadreamz,Mon Apr 18 21:13:13 +0000 2022,-84.433106,33.7671945,Bruh is soft af just retire
1516162961349521413,BrandoDaButcher,Mon Apr 18 21:13:13 +0000 2022,-115.23443549999999,36.0188045,@JillyRoseInk Maybe not dystopian all the way but I can see the relation lol definitely always been a rich people w‚Ä¶ https://t.co/IGAH8CvDGF
1516162962964185089,DarthTommy774,Mon Apr 18 21:13:13 +0000 2022,-115.223125,36.232915,@LasVegasLocally We will trade them and let them find out on Twitter
1516162961991159812,BCFDL734,Mon Apr 18 21:13:13 +0000 2022,-76.62048200000001,39.284712999999996,üî•DWELLING FIREüî•1800 blk W Lanvale St 21217#HarlemPark@docbullock#BMORESBravest on scene with fire showing from‚Ä¶ https://t.co/dCnIWqabjp
1516162964969209860,theotherbethany,Mon Apr 18 21:13:14 +0000 2022,-88.4958035,43.1046785,@ArmensNipples @OnAirKB Where was this in Mexico??
1516162965770158081,latoxicaz,Mon Apr 18 21:13:14 +0000 2022,-119.30660750000001,37.2691755,"I don‚Äôt have to interact with anyone, my energy is precious and it took me a while to feel as good as I do now."
1516162970069475332,WilliamCourtla1,Mon Apr 18 21:13:15 +0000 2022,-80.2739375,43.147571,"@prattprattpratt So, a Sapient creature equal to the largest whale: wants a meal.  The oceans are scarce these days‚Ä¶ https://t.co/H47J44h6gI"
1516162971629932545,Scamron_Giles,Mon Apr 18 21:13:16 +0000 2022,-73.9685415,40.780709,@OhCoco Lmfaooo what you think money doing?!
1516162972070019078,MrChrisHyatt,Mon Apr 18 21:13:16 +0000 2022,-122.4359785,37.7706565,I love it here üï∫üèæ‚ú®
1516162974746136590,simplyjessicaa_,Mon Apr 18 21:13:16 +0000 2022,-94.1286335,30.086918,anybody wanna go shot for shot? üëÄ #NPA
1516162975077306368,Zeus_WorldWide,Mon Apr 18 21:13:16 +0000 2022,-118.4119065,34.0207895,But I hope my ninja powers don‚Äôt fuck around &amp; offend you cowards
1516162975320932352,teddy_fikre,Mon Apr 18 21:13:16 +0000 2022,-77.0908695,38.81738,@AnnGarrison @DrWilmerLeonRx @GarlandNixon @1EthiopiaTekdem @WudexMolla @iyoba4u @WolloEthiopia @ethiopianlions‚Ä¶ https://t.co/8OSC00vKaI
1516162975844868099,gunsandjordans,Mon Apr 18 21:13:17 +0000 2022,-119.30660750000001,37.2691755,@MrPolo012 Festival vibes are different from concert  vibes
1516162975878443009,echoisthename,Mon Apr 18 21:13:17 +0000 2022,-118.4119065,34.0207895,"when im working on a project i am locked in fully with that project. I don‚Äôt write to other stuff, I don‚Äôt pause th‚Ä¶ https://t.co/nSbd9KEOwz"
1516162977065545741,ShaneHesters5,Mon Apr 18 21:13:17 +0000 2022,-83.804475,27.698681999999998,@VioletSummers87 I love everything about u and we just meet through God's will babe
1516162977623416838,Liams_Hockey,Mon Apr 18 21:13:17 +0000 2022,-75.8001415,45.248791,@Jim_Genac @WakeUpRef Me to. They teed it up so we'll see how he does. üòä  He's doing a book signing in Perth this S‚Ä¶ https://t.co/MeBMG41OAP
1516162978269347842,IgnantToya,Mon Apr 18 21:13:17 +0000 2022,-100.0768885,31.1688935,@_Beautifull18 Job number two. I‚Äôm tryna eat lol
1516162979368251401,MonicaHarkinstv,Mon Apr 18 21:13:17 +0000 2022,-76.7046315,39.154153,The Monday after Easter: a scary day to be a chocolate bunny üëÄ https://t.co/0elM0lrYq7
1516162980068704258,Coach_D_Johnson,Mon Apr 18 21:13:18 +0000 2022,-80.2333285,25.7823535,They gonna trade SGA?
1516162980941111296,Latinking331,Mon Apr 18 21:13:18 +0000 2022,-82.5873885,28.004172500000003,@ShemaleLusty I take both always wanted to make love to a trans I think they are Amazing
1516162982329389061,slutboihusband,Mon Apr 18 21:13:18 +0000 2022,-122.805579,45.484892,@neuro_plant üòÆ I thought this was Norwegian at first xD
1516162982392201219,NTGraff,Mon Apr 18 21:13:18 +0000 2022,-112.12467649999999,33.5528625,@jordancicchelli Hang in there!! üòÇ
1516162983180836869,iamrocknation,Mon Apr 18 21:13:18 +0000 2022,-74.3150045,40.5695275,2 hours @jfromflorida1
1516162984040534016,preston303,Mon Apr 18 21:13:18 +0000 2022,-105.068348,39.8992865,@HRBlock @HRBlockAnswers Don't forget to tell people they are running over 2 months behind on issuing refunds
1516162984313303050,dumbbitchcap,Mon Apr 18 21:13:19 +0000 2022,-80.13296249999999,25.816965500000002,What‚Äôs next the use of the metric system? I won‚Äôt have it
1516162983340101632,papashane01,Mon Apr 18 21:13:18 +0000 2022,-116.238001,43.598033,More ideas https://t.co/F16rXaf7Ig
1516162985047248900,Fit4Expedition,Mon Apr 18 21:13:19 +0000 2022,-110.95998916,32.22363754,"Just posted a photo @ Bisbee, AZ https://t.co/fS7DjKHYXu"
1516162985403764739,_TaylorMadeDT,Mon Apr 18 21:13:19 +0000 2022,-89.87644900000001,32.571032,Guy‚Äôs debut album is a classic from start to finish!
1516162986259496962,HoLeeFoc,Mon Apr 18 21:13:19 +0000 2022,-82.3067225,27.827367000000002,"Matt Hughes, Luke Rockhold and TJ Dillashaw. I like him because he provides drama almost on a 6 month timer, but ev‚Ä¶ https://t.co/kxcB8nl7xh"
1516162986217463817,thehazelbelle,Mon Apr 18 21:13:19 +0000 2022,-73.9685415,40.780709,@ghostdumplin Heard it from a ghost https://t.co/J368HQtUeZ
1516162987253370881,L_i_A_M_K,Mon Apr 18 21:13:19 +0000 2022,-118.13196400000001,34.17731,"I get this is a joke, but also like what is this? Why is this part of Michigan and not Wisconsin?"
1516162987354038272,JabBackAir,Mon Apr 18 21:13:19 +0000 2022,-121.8737305,37.331159,@MrB_SSB Yeah lol . Looks like I've got something to practice implementing more.
1516162987479879680,crake_corn,Mon Apr 18 21:13:19 +0000 2022,-122.4359785,37.7706565,@Jackpot4484 Oh hella yes
1516162987580608521,cassfitnessmatt,Mon Apr 18 21:13:19 +0000 2022,-77.20500255,39.11431044,Just posted a photo @ Downtown Crown https://t.co/URyVdkBgxs
1516162987639332866,lanamccready,Mon Apr 18 21:13:19 +0000 2022,-86.7837,36.1651,is she giving ‚òÆÔ∏è or how many weeks left until my EP drops?‚úåüèºshould i post sneak peeks of the new songs early? ü§∑üèª‚Äç‚ôÄÔ∏è‚Ä¶ https://t.co/vlip02jp0n
1516162986972520455,that_ianchan,Mon Apr 18 21:13:19 +0000 2022,-115.167604,36.134122,Girls 2 DRINK TICKETS!ü•Ç üí¶ ‚òÄÔ∏è  FREE ENTRY!!!üì≤TEXT: 862-239-3061@KromiMusic @tiesto @nervomusic @AyuDayclub‚Ä¶ https://t.co/Z5f7Xvt0HI
1516162990860644365,autuminsy,Mon Apr 18 21:13:20 +0000 2022,-80.09317999999999,26.4561475,I have too many boyfriends now
1516162991808520198,NotThatChickNan,Mon Apr 18 21:13:20 +0000 2022,-120.882482,47.273022,@Back2Typical2 Stay safe üôèüèΩ
1516162992341090307,THEDREAMTOTEMS,Mon Apr 18 21:13:20 +0000 2022,-122.2816065,37.9941325,Doing some reflecting and feeling so good about my future. #grateful #thankful #newfriends #newbeginnings https://t.co/vcxDTjfmSD
1516162992576118794,CovertOps74,Mon Apr 18 21:13:21 +0000 2022,-87.372078,37.93121,"CovertOps74 found #ethereum in a User vault at this location! Join me playing #coinhuntworld, It's awesome!‚Ä¶ https://t.co/nCzq31UuSV"
1516162993683271683,Duhmeatree,Mon Apr 18 21:13:21 +0000 2022,-122.2816065,37.9941325,Day 10 of @USPS holding my package hostage
1516162993951715329,tmj_NV_EDU,Mon Apr 18 21:13:21 +0000 2022,-119.8138027,39.5296329,"Kaleidoscope Education Solutions is hiring in Reno, NV! Click the link in our bio to apply: School Counselor‚Ä¶ https://t.co/UafVbhqCpk"
1516162994266279937,tmj_hsv_manuf,Mon Apr 18 21:13:21 +0000 2022,-86.9705632,34.7314786,"Don't submit then quit. Apply for jobs like ""Gerber Operator"" at HDT Global, then look for people you might know at‚Ä¶ https://t.co/5mr4HshPy4"
1516162995386298374,16p11dot2DS,Mon Apr 18 21:13:21 +0000 2022,-83.1738665,32.6782075,I want to be Princess Eugenie when I grow up.
1516162997328265217,teddy_fikre,Mon Apr 18 21:13:22 +0000 2022,-77.0908695,38.81738,"I‚Äôm running for Congress on the principles of rebuilding America, reinvesting in the people &amp; reclaiming our sovere‚Ä¶ https://t.co/E8DPmuzmdi"
1516162997500137472,Matthew25520702,Mon Apr 18 21:13:22 +0000 2022,-83.1738665,32.6782075,@SingleMommy1994 Yes you are.
1516162997432901637,tmj_njs_hrta,Mon Apr 18 21:13:22 +0000 2022,-75.0886274,39.8367968,"Let us teach you how to cook, so Mom can get her time back! Join our team at Boston Market today!‚Ä¶ https://t.co/vCDaeBEHwh"
1516162999169470466,caughtinamxsh,Mon Apr 18 21:13:22 +0000 2022,-86.791549,36.200008,"Vital part playing Murfreesboro. Played to @4givv, @assc0re, two random people, the pop punk band we were on the bi‚Ä¶ https://t.co/pNwR5v6T6s"
1516162999735619588,BabbSports,Mon Apr 18 21:13:22 +0000 2022,-122.2302225,38.114777000000004,@WillHammondJr let ME know lol
1516163001610612742,raist761,Mon Apr 18 21:13:23 +0000 2022,-111.2978705,47.493836,"@ZenMasterDude1 @ms_bubble_son Self-denial and delusional as well.   You're thinking is so limited, you can see wha‚Ä¶ https://t.co/9T1rauwwa8"
1516163002508013574,vegasdude83,Mon Apr 18 21:13:23 +0000 2022,-115.223125,36.232915,I support the theory that once one prosecutor indicts trump the others will follow in quick succession no one wants‚Ä¶ https://t.co/MkUszXtqbp
1516163002763948036,mysskris,Mon Apr 18 21:13:23 +0000 2022,-121.469664,38.561722,"Y'all colonoscopy is not free. I have medical insurance through my full time job and dignity health just told me, t‚Ä¶ https://t.co/zcozbscBSC"
1516163003267567616,kemp_travis,Mon Apr 18 21:13:23 +0000 2022,-101.816092,35.2111155,"In 1997, the producers of ‚ÄúMADtv‚Äù pitched a new animated sitcom to FOX. The show was to feature the wacky adventure‚Ä¶ https://t.co/YOurqPmz5N"
1516163003955175437,hippyissue,Mon Apr 18 21:13:23 +0000 2022,-84.31507049999999,33.8745435,Can‚Äôt wait to my friends come back to atl ü•∫
1516163004370411524,Gilchrist_Lab,Mon Apr 18 21:13:23 +0000 2022,-77.60468399999999,41.1179365,@pauldauenhauer How dare you use ‚Äúreal‚Äù learning. That sort of thing never got anyone anywhere.
1516163003913322506,GreenBuckaroo,Mon Apr 18 21:13:23 +0000 2022,-79.14179250000001,33.442004999999995,"On a cruiser, listening to ‚Å¶‚Å¶‚Å¶@Thom_Hartmann on ‚Å¶@KBCS‚Å© app‚Å©. I‚Äôm visiting #SouthCarolinaüåôüå¥#LitchfieldBeach https://t.co/VpFf9xZmGz"
1516163005725253637,Scene_By_ALB,Mon Apr 18 21:13:24 +0000 2022,-73.951356,40.796235,Silhouette of an #Osprey flying off into the distance with a fish in its talons after diving into the #HarlemMeer f‚Ä¶ https://t.co/TeVbQe7Vwz
1516163005192450051,tydieffenbach14,Mon Apr 18 21:13:24 +0000 2022,-111.54702900000001,39.499762000000004,"Thanks @Utah_Football for the üî•üî• weekend! Great campus, staff, players &amp; facilities. @Coach_Ludwig @crising7‚Ä¶ https://t.co/q5eNhbNgwo"
1516163007109386241,Tariq1Naseem,Mon Apr 18 21:13:24 +0000 2022,-79.616073,43.555244,@MaryamNSharif #ÿßŸÖŸæŸàÿ±Ÿπ⁄à_ÿ≠⁄©ŸàŸÖÿ™_ŸÜÿßŸÖŸÜÿ∏Ÿàÿ± #ÿßŸÖŸæŸàÿ±Ÿπ⁄à_ÿ≠⁄©ŸàŸÖÿ™_ŸÜÿßŸÖŸÜÿ∏Ÿàÿ±I'm not a bot btw. I'm original from Canada.
1516163008124186624,bonnaaaay,Mon Apr 18 21:13:24 +0000 2022,-118.4119065,34.0207895,They‚Äôre making a Dunkin Donuts by the hospital down the street and I‚Äôm so happy üòÖ
1516163009764331534,RhodesWorkAhead,Mon Apr 18 21:13:25 +0000 2022,-84.236138,34.111063,"After a successful talent show fundraiser, the Denmark chapter of UNICEF raised over $500 to help children in Ukrai‚Ä¶ https://t.co/eTF1ccD8bB"
1516163011303645198,Chronusky,Mon Apr 18 21:13:25 +0000 2022,-85.71719300000001,42.724832,god I fucking hate myself
1516163011278430217,BertFulks,Mon Apr 18 21:13:25 +0000 2022,-82.4398345,38.407664,"You know that thick, beautifully pungent, dank aroma of sausages and brats boiling in cheap beer?My wife‚Äôs coming‚Ä¶ https://t.co/BWJEzn0ZiG"
1516163015502139400,nickjayres,Mon Apr 18 21:13:26 +0000 2022,-84.2801945,34.073344000000006,@natbalda Email blast should be banned from our collective lexicon forever and ever amen
1516163015908855810,morganjttalley,Mon Apr 18 21:13:26 +0000 2022,-118.4119065,34.0207895,"@Ladyindapark @StellaParton When I watched, I was often times sitting there, and saying to myself; they are really missing the point."
1516163016231993351,mrparker_ii,Mon Apr 18 21:13:26 +0000 2022,-86.6807375,32.576227,@CoachK_251 Wonderful now come on up here and help him sift thru the #TransferPortal coach! We want to win now!
1516163017234333696,Jeffrey_Zabe,Mon Apr 18 21:13:26 +0000 2022,-77.60468399999999,41.1179365,@eurigmorgan @DollyVolly Omg Eurig...I've been there several times many moons ago. CVS now...funny.
1516163019096698885,CHISPORTSCRAZ82,Mon Apr 18 21:13:27 +0000 2022,-88.040002,41.791584,#Bears should sign him to the 90 man roster &amp; see what he has through camp. Baltimore hasn‚Äôt been good at developin‚Ä¶ https://t.co/dyrxO0rAN6
1516163019532738560,derikv,Mon Apr 18 21:13:27 +0000 2022,-118.4119065,34.0207895,@AuthorKimberley I've bumped into one or two of those idiots! Hard to fathom these people but they are lurking abou‚Ä¶ https://t.co/zZWxrJwJx7
1516163020652781572,CHISPORTSCRAZ82,Mon Apr 18 21:13:27 +0000 2022,-88.040002,41.791584,Great video from a Ravens fans explaining how the Baltimore has a poor history of developing receivers they draft. https://t.co/LbQZ0rn6aM
1516163020577140743,PrettyFunnyNic,Mon Apr 18 21:13:27 +0000 2022,-118.4119065,34.0207895,Sharing is caring üíï Twitter do your thing. Michigan you can do this #Michigan #detroit #love #GoBlue https://t.co/2mecY3YLZD
1516163021013405697,Bgpapa1121,Mon Apr 18 21:13:27 +0000 2022,-75.3864605,39.1450235,"@amoots I'll talk to you anytime, just message me and we can figure out the method of chat. As for the weather, bi‚Ä¶ https://t.co/o6HSHdCLiu"
1516163020979945482,ChaseStackwells,Mon Apr 18 21:13:27 +0000 2022,-95.44648649999999,29.838495,I give these massages out if ulyou looking for them. I'm based out of Houston
1516163022171119618,TigazTheo,Mon Apr 18 21:13:28 +0000 2022,-79.2725695,43.629311,Ha and I was just outside in tank top running
1516163023664291841,BombbDottCom,Mon Apr 18 21:13:28 +0000 2022,-95.44648649999999,29.838495,Stg hate the club
1516163023936888839,MikeRodNews,Mon Apr 18 21:13:28 +0000 2022,-85.05903974,41.13472236,Let's see #thewalk @ Undisclosed Location https://t.co/LFhPxJUY3U
1516163025899864064,undainv,Mon Apr 18 21:13:28 +0000 2022,-90.011008,29.982601,That‚Äôs too many ppl üòÇ
1516163026071986179,VinceSheetz,Mon Apr 18 21:13:29 +0000 2022,-117.0723185,33.120359,"@lilo623 @BillFOXLA @FoxNews It's all about votes.Voter influencing now and house seats, etc. Then direct voting‚Ä¶ https://t.co/I85wE4hR78"
1516163027070070786,Elemmiir,Mon Apr 18 21:13:29 +0000 2022,-77.48328799999999,38.298064999999994,Anyone cross reference the list with GOP congressmen?
1516163027132981257,GeoDude___,Mon Apr 18 21:13:29 +0000 2022,-94.6345835,38.9860885,@tylerhickman5 Oh yes he is. On top of that his athletic bill sounds just like a cornerback that fits the spags cor‚Ä¶ https://t.co/P50DtOYae6
1516163026747113472,Tyler_Lindholm,Mon Apr 18 21:13:29 +0000 2022,-107.554562,43.000325000000004,Science! My kids crack me up üòÇ https://t.co/r5Wmj6e0HB
1516163028739371012,owensConnor74,Mon Apr 18 21:13:29 +0000 2022,-86.791549,36.200008,Congrats Scotty!!!üñ§üíõ
1516163029276241931,ingycooks,Mon Apr 18 21:13:29 +0000 2022,-81.57605,30.767784499999998,When you see the rise in crime and mass shootings occuring. This is because of  woke locally elected officials. Peo‚Ä¶ https://t.co/DQNJY193jM
1516163030182395905,paigeinacage,Mon Apr 18 21:13:29 +0000 2022,-85.82278600000001,38.323745,"Not going to elaborate, but my family and I could use some prayers/good vibes if you have any to spare. I appreciate it üíñ"
1516163031516037123,astromamii_,Mon Apr 18 21:13:30 +0000 2022,-80.8467855,35.209058999999996,In less than a month my body will be snatched ü•µ
1516163031910260741,Danielle_eeee,Mon Apr 18 21:13:30 +0000 2022,-96.7617535,32.819858499999995,Have any of y‚Äôall ever had a salad from sweet green?
1516163031880896526,LawrenceNamou,Mon Apr 18 21:13:30 +0000 2022,-83.38116600000001,42.571954,Trying to develop a super power üîãcalled super strength https://t.co/X46WyUvRsy
1516163033176977422,Geofromda215,Mon Apr 18 21:13:30 +0000 2022,-75.117998,40.0048655,Dope edit! Be a nice piece in someones man cave!
1516163033604755465,MiWxAnthony,Mon Apr 18 21:13:30 +0000 2022,-83.269058,42.6646845,As of 5pm theirs just over 2 inches of accumulated snow on my deck. @NWSDetroit @MikeTaylorwx @KevinJeanes @rexroth7wxyz
1516163032719970307,Knickanators,Mon Apr 18 21:13:30 +0000 2022,-73.8494415,40.8503475,@queens_dude @MindNy77 @LegionOfKnicks @DonaldP47082631 @Rick__War @eepdllc @Knickloyalty @Chuck1one @GodSonRel‚Ä¶ https://t.co/Y1f4TcVV9e
1516163033772535809,OBeezy39,Mon Apr 18 21:13:30 +0000 2022,-87.2029615,30.521057,"@flossin_eth @los_muertosNFT @Minecraft I‚Äôve got a realm in minecraft bro, we should craft!"
1516163034405908480,florence_yalls,Mon Apr 18 21:13:31 +0000 2022,-84.6564475,38.989258,@trashpandas @Anchorbus A whole vibe!
1516163035416694787,MakeOutHillqt,Mon Apr 18 21:13:31 +0000 2022,-81.743506,41.307831,"@_Jay359 I live off of creatine, protein powder, rice and chicken‚Ä¶"
1516163035995557892,EddiePecker,Mon Apr 18 21:13:31 +0000 2022,-85.9785995,35.8305215,@Ginalilvol AC/DC Hells bellsü§òüèΩüé∏
1516163036754505728,tmj_WI_UTIL,Mon Apr 18 21:13:31 +0000 2022,-88.5371958,44.2953936,"Can you recommend anyone for this #Utilities job in Greenville, WI? Click the link in our bio to see it and more. R‚Ä¶ https://t.co/dwrCMjaAg3"
1516163037438173186,DylanTh23464967,Mon Apr 18 21:13:31 +0000 2022,-86.441236,39.766555499999996,"Pick a number, I'll let you know if I can't answer it. https://t.co/DLZWGLyGBy"
1516163039334178818,MirandasRandom,Mon Apr 18 21:13:32 +0000 2022,-76.908404,38.750322499999996,Nah my family genes strong as shit‚Ä¶ all our grandmothers are sisters ü§£ü§£ https://t.co/fJ1xqjQVVG
1516163040722538499,jonboi405,Mon Apr 18 21:13:32 +0000 2022,-94.5592815,39.1000485,@MrGee54 Sometimes. 100% of the sometimes is from women. I find it interesting that it's easier for a bi woman than a bi man.
1516163041108234240,tripworks,Mon Apr 18 21:13:32 +0000 2022,-159.461969,21.876849,Last breaky before we go. https://t.co/ZplBguGMri
1516163041880166409,ConorButler95,Mon Apr 18 21:13:32 +0000 2022,-82.3724155,42.7750855,@TwinParanormal love your videos keep it up guys me and my mom Sandy both very much enjoy and look forward to your videos
1516163042404298755,tmj_SC_secure,Mon Apr 18 21:13:32 +0000 2022,-81.0348144,34.0007104,Allied Universal is a leading security services provider. We offer multiple stable career opportunities with weekly‚Ä¶ https://t.co/fFghA0wljC
1516163043280900100,LeeTyler,Mon Apr 18 21:13:33 +0000 2022,-72.92308028,41.3115651,P2P Future of Affordable Housing in Connecticut #CleanAir #Sustainable [Video]: The Multifamily Peer to Peer Networ‚Ä¶ https://t.co/EEjGexgg6B
1516163044036034560,LexiMooreNews,Mon Apr 18 21:13:33 +0000 2022,-80.926628,33.6311395,@TempleRickeTV Woohoo!!! Well deserved for an amazing hardworking gal!ü§ç
1516163044153470986,faieriemoon,Mon Apr 18 21:13:33 +0000 2022,-71.0887125,42.3136695,@Jim_Jordan Why did you ignore sex abuse?
1516163044770000898,rstroh,Mon Apr 18 21:13:33 +0000 2022,-96.835249,33.1501395,Thanks everyone.  Surgery went well and he is in recovery.  üëç
1516163045311057928,RellytheCrip,Mon Apr 18 21:13:33 +0000 2022,-94.5592815,39.1000485,@_KevonnaM Hang it up . That Sh√¨t is too intense lol
1516163046300741633,bobthamobb,Mon Apr 18 21:13:33 +0000 2022,-121.469664,38.561722,@_Itschefdee You‚Äôre welcome ü§ùüèΩ
1516163046649081857,Fluffulufugus,Mon Apr 18 21:13:33 +0000 2022,-71.095257,42.8428095,Hate promoters that get easily annoyed and weirded out whenever they find out you play shows with other promoters w‚Ä¶ https://t.co/pNAP5URXxP
1516163047177560074,zyreee_,Mon Apr 18 21:13:34 +0000 2022,-81.504908,31.2144885,I get blowed so fast
1516163047122948101,Dahveedcastle,Mon Apr 18 21:13:34 +0000 2022,-87.732013,41.8335845,Live look of me at the post office trying to mail my taxes https://t.co/LkZNNpka64
1516163049241006080,darwinchvz320,Mon Apr 18 21:13:34 +0000 2022,-118.1567105,33.809171500000005,@asapzeld Yup and Maxey‚Äôs ascension
1516163049912258572,mlmckenzie123,Mon Apr 18 21:13:34 +0000 2022,-82.6694675,40.365159500000004,@RVmagazine Small washer and dryer
1516163052663619587,Hikeeba,Mon Apr 18 21:13:35 +0000 2022,-79.42086499999999,38.003375500000004,@Sky_Lee_1 @4TaxFairness @tizzywoman @EarlOfEnough @jomareewade @AuthorKimberley @B52Malmet @mommamia1217‚Ä¶ https://t.co/GNCL0matSU
1516163052047159299,TemperTantric,Mon Apr 18 21:13:35 +0000 2022,-87.732013,41.8335845,I‚Äôm smellin real good today. Where are the pit pigs and why aren‚Äôt they making out with mine ü•∫ü•∫ https://t.co/AR7NznLhQe
1516163053703741440,echoisthename,Mon Apr 18 21:13:35 +0000 2022,-118.4119065,34.0207895,"when im working on a project i am locked in fully with that project. I don‚Äôt write to other stuff, I don‚Äôt pause th‚Ä¶ https://t.co/gc67dL1mSw"
1516163053796171776,SouthPhilly53,Mon Apr 18 21:13:35 +0000 2022,-75.117998,40.0048655,@OfficialKMBooty We thank Uncle Sammie Kelsi. Good choice for us. Lol.
1516163050532917256,LEGITIMVS,Mon Apr 18 21:13:34 +0000 2022,-73.9685415,40.780709,FA&amp;FO!
1516163056723709952,mattyglesias,Mon Apr 18 21:13:36 +0000 2022,-77.0143985,38.898602999999994,Sometimes federal judges do starkly undemocratic things.Other times (same-sex marriage equality being a very impo‚Ä¶ https://t.co/vaSPNmaCwW
1516163057990320131,tjmedia2,Mon Apr 18 21:13:36 +0000 2022,-119.71069449999999,39.574216500000006,@ArizonaCrusader Bogus understanding of poorly documented and translated content.
1516163058086952960,AMommy91,Mon Apr 18 21:13:36 +0000 2022,-80.926628,33.6311395,Use this link for money off at checkout!!! Who doesn't love a good setting spray???? https://t.co/tHMcuLjloL
1516163058921521154,JimmyRoeJr7,Mon Apr 18 21:13:36 +0000 2022,-86.524892,40.280891499999996,check this out this rumor There saying Ronda Rousey is a joke like wow üò≥ https://t.co/vLDZSC70Bi
1516163059336757248,susanmcgraw88,Mon Apr 18 21:13:36 +0000 2022,-73.754737,41.0262045,Vote her out - Vote for @Marcus4Georgia
1516163059647193089,JadahParadox,Mon Apr 18 21:13:37 +0000 2022,-75.117998,40.0048655,@BelascoEmerich @B0Ob_bee You‚Äôre not following or being followed by them. I checked ‚ò∫Ô∏è
1516163059848400898,SportsHackCA,Mon Apr 18 21:13:37 +0000 2022,-122.0404295,37.8936665,@Real_AD_BURNER @WatinForDaTrain @smitefan20 @Real7Talk Cool story..now do the rest of the team.
1516163059961798661,sbonseyjtsports,Mon Apr 18 21:13:37 +0000 2022,-70.29254499999999,43.696187,Boom
1516163060045647880,MorbidPsych,Mon Apr 18 21:13:37 +0000 2022,-87.732013,41.8335845,@mongreloutsider Wouldn't exactly call it good
1516163059596804100,MichalowskiCBB,Mon Apr 18 21:13:37 +0000 2022,-79.9806895,40.431388999999996,"Blake Hinson has committed to Pitt, per his Instagram.6‚Äô7 G/W average 10.1 points per game for Ole Miss two seaso‚Ä¶ https://t.co/bXYTGxiM0K"
1516163060754489351,BlackStugotz,Mon Apr 18 21:13:37 +0000 2022,-80.347039,25.5683175,@IAmPoliticsGirl Fuckin' creep
1516163061564190721,OneQuaan,Mon Apr 18 21:13:37 +0000 2022,-87.9672925,43.0567225,These hoes don't even be exclusive. I explain my remote.$&amp;
1516163062465765379,zakgent,Mon Apr 18 21:13:37 +0000 2022,-81.98524499999999,37.90303350000001,"Tae , AJ &amp; Renfrow already on my Madden squad anyways &amp; we always win is a chip  lol #RaiderNation‚Ä¶ https://t.co/S4YQBBPi2F"
1516163063279357952,Johnnyv78,Mon Apr 18 21:13:37 +0000 2022,-118.4119065,34.0207895,Lmfao no wonder
1516163064185298945,navemann,Mon Apr 18 21:13:38 +0000 2022,-121.5453825,38.559987,@TheCityofSac why is the city not writing parking tickets for all the truckers at the capital? No meters paid and t‚Ä¶ https://t.co/Lh4781znYf
1516163064772829185,humanpondering,Mon Apr 18 21:13:38 +0000 2022,-88.7537095,41.927807,@brycent_ @polygonstudios @Fwiz That merch doeeee üå∂
1516163065213038596,MFCK_58,Mon Apr 18 21:13:38 +0000 2022,-77.4275355,43.000057999999996,@jess_buczkowski My Grandmother used to run the kitchen at the Polish Community center back in Binghamton. I miss h‚Ä¶ https://t.co/7pA2x88sz6
1516163065896595458,trans_icon_mika,Mon Apr 18 21:13:38 +0000 2022,-87.732013,41.8335845,"the global concentration of carbon dioxide this spring has hovered around 420ppm and, while this is terrible for th‚Ä¶ https://t.co/EFGhijnPBV"
1516163066894991365,GarageBeersMike,Mon Apr 18 21:13:38 +0000 2022,-91.586972,42.038363,@KenCarman I will never forget being the Promo director and on field host for the Crushers in Avon and we had Dick‚Ä¶ https://t.co/CaWMxUcjft
1516163069306707971,MMGoBlue,Mon Apr 18 21:13:39 +0000 2022,-77.65433949999999,39.9340275,Michigan fans bitch SO much it's embarrassing just stfu
1516163069289897987,yoginirochelle,Mon Apr 18 21:13:39 +0000 2022,-83.3115275,42.000898,"If you drive without your lights on when it‚Äôs raining/snowing/foggy, I hate you."
1516163070573395973,Zwanguy,Mon Apr 18 21:13:39 +0000 2022,-75.8001415,45.248791,"Welcome home, Bruce. https://t.co/LztJYA7zVY"
1516163071047344132,racermacRTP1,Mon Apr 18 21:13:39 +0000 2022,-85.1700515,41.086917,"After Matt Kenseth's completion of today's ""Boston Marathon"" it was decided by race organizers that next year's rac‚Ä¶ https://t.co/AwzllCf1bg"
1516163073085632512,juda_eth,Mon Apr 18 21:13:40 +0000 2022,-122.3306025,47.614817,@DwellersSystem @TokieBears @BeachBunnyPete loving this art style.
